{"golden_to_source_ratio":{"0":91.1764705882},"source_to_error_ratio":{"0":7.8880407125},"unresolved_to_golden_ratio":{"0":6.4516129032}}